Original,Summary
"Theo người dân địa phương lốc xoáy kéo dài khoảng 10 phút, cuốn phăng nhà cửa, cây cối. Chị Như một người dân cho biết gió rất mạnh xoáy phía sau nhà ra trước kéo theo tôn bay, nhiều vật dụng trong nhà bị cuốn mất, hư hỏng. Ban chỉ huy quân sự huyện An Minh huy động 40 cán bộ, chiến sĩ xuyên đêm giúp người dân dọn dẹp, khắc phục hậu quả. Ngọc Tài - Phương Vũ","Theo người dân địa phương lốc xoáy kéo dài khoảng 10 phút, cuốn phăng nhà cửa, cây cối. Chị Như một người dân cho biết gió rất mạnh xoáy phía sau nhà ra trước kéo theo tôn bay, nhiều vật dụng trong nhà bị cuốn mất, hư hỏng. Ban chỉ huy quân sự huyện An Minh huy động 40 cán bộ, chiến sĩ xuyên đêm giúp người dân dọn dẹp, khắc phục hậu quả. Ngọc Tài - Phương Vũ..."
"Tối 27/4, các ngả đường dẫn về công viên Thống Nhất đông kín người dân xem pháo hoa. 20h, lượng xe gửi trong cổng đường Đại Cồ Việt công viên quá tải, bảo vệ dựng rào chắn chỉ cho người đi bộ vào. Màn pháo hoa nằm trong chương trình cầu truyền hình trực tiếp ""Vang mãi khúc khải hoàn"" giữa các điểm cầu công viên Thống Nhất (Hà Nội), khu vực đôi bờ Hiền Lương - Bến Hải (Quảng Trị) và công viên bờ sông Sài Gòn (TP HCM) nhân kỷ niệm 50 năm ngày giải phóng miền Nam, thống nhất đất nước. Quanh hồ nước trong công viên, hàng nghìn người tập trung từ sớm để chọn vị trí tốt nhất. Thời tiết tối 27/4 mát mẻ, không mưa, nhiệt độ 23-26 độ C phù hợp cho các hoạt động ngoài trời. Pháo hoa bắn lúc 22h, muộn hơn dự kiến 15 phút khiến nhiều người bất ngờ. Điểm bắn pháo hoa bố trí tại khu vực sân khấu đa năng trong công viên Thống Nhất, phường Lê Đại Hành, quận Hai Bà Trưng. Thời gian bắn trong 15 phút, gồm 600 quả pháo hoa tầm cao, 90 giàn pháo hoa tầm thấp. Nhiều người ghi lại khoảnh khắc pháo hoa bung nở trên bầu trời. Màn pháo hoa nhìn từ ngôi nhà hơn 20 tầng trên đường Đại Cổ Việt. Người dân chăm chú theo dõi từng quả pháo nổ bung trên bầu trời, dùng điện thoại ghi lại khoảnh khắc đẹp. ""Màn pháo hoa diễn ra vào cuối tuần, lại không quá khuya nên cả gia đình tôi đến công viên từ sớm để cùng nhau theo dõi và lưu lại khoảnh khắc đẹp trước dịp nghỉ lễ"", Nguyễn Anh Tuấn ở Hoàng Mai cho biết. Gần 23h, cổng công viên dẫn ra tuyến đường Đại Cồ Việt về Xã Đàn chật kín người. Thành phố đã cấm đường, hạn chế lưu thông các tuyến đường Trần Nhân Tông, Lê Duẩn, Quang Trung, Trần Bình Trọng, riêng tuyến Xã Đàn qua hầm chui Kim Liên, Đại Cồ Việt vẫn lưu thông bình thường nên nhiều phương tiện dồn về gây tắc nghẽn. Trước đó mừng ngày giải phóng miền Nam, thống nhất đất nước, TP Hà Nội đã tổ chức bắn pháo hoa tại sân vận động Mỹ Đình hôm 22/4. Hoàng Giang - Nam Nguyễn","Tối 27/4, các ngả đường dẫn về công viên Thống Nhất đông kín người dân xem pháo hoa. 20h, lượng xe gửi trong cổng đường Đại Cồ Việt công viên quá tải, bảo vệ dựng rào chắn chỉ cho người đi bộ vào. Màn pháo hoa nằm trong chương trình cầu truyền hình trực tiếp ""Vang mãi khúc khải hoàn"" giữa các điểm cầu công viên Thống Nhất (Hà Nội), khu vực đôi bờ Hiền Lương - Bến Hải (Quảng Trị) và công viên bờ sông Sài Gòn (TP HCM) nhân kỷ niệm 50 năm ngày giải phóng miền Nam, thống nhất đất nước. Quanh hồ nước..."
"Khoảng 3h15, lửa bất ngờ bùng lên từ tầng 2 ngôi nhà nằm sâu trong ngõ 85 phố Định Công Hạ, sau đó nhanh chóng lan rộng lên các tầng trên. Lúc này trong nhà có bốn người, gồm một cặp vợ chồng, con và mẹ của họ. Ngay khi phát hiện cháy, người dân xung quanh đã hô hoán và cố gắng dập lửa bằng bình chữa cháy mini nhưng bất thành. Sức nóng của lửa đã làm vỡ kính các tầng, gây khó khăn cho việc tiếp cận ngôi nhà. Những người sống ở các nhà liền kề đã nhanh chóng sơ tán và mở cửa sổ để tạo lối thoát hiểm cho những người mắc kẹt bên trong, nhân chứng cho biết. Khoảng 10 phút sau khi đám cháy bùng phát, cảnh sát phòng cháy chữa cháy và cứu nạn cứu hộ đã điều động 4 xe chữa cháy cùng hàng chục cán bộ, chiến sĩ đến hiện trường. Họ chia thành hai mũi, một mũi tập trung phun nước dập lửa từ bên ngoài và mũi còn lại đeo mặt nạ phòng độc, bình dưỡng khí để tìm kiếm nạn nhân bên trong ngôi nhà. Đám cháy phát sinh nhiều khói, khí độc gây khó khăn cho công tác chữa cháy và cứu nạn, cứu hộ. Người vợ được tìm thấy đầu tiên, nhanh chóng được đưa đi cấp cứu tại bệnh viện Bạch Mai. Đến khoảng 4h30, đám cháy được khống chế hoàn toàn. Lực lượng chức năng tiếp tục tìm kiếm và đến 4h40 đã phát hiện thi thể của ba người còn lại (tử vong do ngạt khói). Ngôi nhà bị cháy được cặp vợ chồng thuê với diện tích sàn khoảng 40 m2, cách mặt phố Đinh Công Hạ khoảng 30 m. Tầng 3 có ban công và đã được mở lối thoát hiểm. Do gia đình làm nghề tổ chức hội chợ nên trong nhà chứa nhiều vật liệu dễ cháy. Cơ quan chức năng đang điều tra nguyên nhân hỏa hoạn.","Khoảng 3h15, lửa bất ngờ bùng lên từ tầng 2 ngôi nhà nằm sâu trong ngõ 85 phố Định Công Hạ, sau đó nhanh chóng lan rộng lên các tầng trên. Lúc này trong nhà có bốn người, gồm một cặp vợ chồng, con và mẹ của họ. Ngay khi phát hiện cháy, người dân xung quanh đã hô hoán và cố gắng dập lửa bằng bình chữa cháy mini nhưng bất thành. Sức nóng của lửa đã làm vỡ kính các tầng, gây khó khăn cho việc tiếp cận ngôi nhà. Những người sống ở các nhà liền kề đã nhanh chóng sơ tán và mở cửa sổ để tạo lối thoát h..."
"Hồi nhỏ, ông Đạt theo học trường La San Taberd (bây giờ là trường THCS - THPT Trần Đại Nghĩa, quận 1). Đến lớp 10, ông nghỉ học rồi theo đuổi đam mê chụp ảnh. Bố mẹ mua tặng máy ảnh loại rất đắt tiền, giá ngang một xe máy thời đó, để con trai thỏa chí đam mê. Ông cũng đăng ký học một số lớp dạy về nhiếp ảnh, trong đó có phóng sự ảnh chiến trường, kỹ thuật xử lý, phóng rọi phim. Những ngày cuối tháng 4/1975, tin tức từ các chiến trường dồn về Sài Gòn báo hiệu chuẩn bị có sự thay đổi lớn. Cũng như hầu hết người dân thành phố thời điểm chiến sự giao tranh ác liệt, gia đình ông Đạt lo lắng số phận của mình. Nhiều hàng xóm của ông chọn cách ra đi vì lo sợ bom, còn gia đình ông quyết định ở lại. Sáng 30/4/1975, chàng thanh niên 19 tuổi bị đánh động bởi nhiều tiếng người dân nhốn nháo trước nhà trên đường Trương Minh Giảng, nay là đường Lê Văn Sĩ, quận 3. Với tính tò mò và liều lĩnh của tuổi trẻ cùng với muốn chụp ảnh đường phố thời khắc đổi thay, ông cầm theo máy ảnh hiệu Nikon FTN phóng nhanh ra đường, trước ngực dán mảnh giấy viết chữ ""phóng viên"" để tránh bị tấn công. Khoảnh khắc đầu tiên, ông nhìn thấy nhiều người lính của quân đội Việt Nam Cộng Hòa đang cởi bỏ quân phục, buông vũ khí xuống đất, cúi mặt đi bộ trên đường cách nơi mình đứng khoảng 50 m. Trên cổ một người trong số này còn đeo một thẻ bài bằng inox ghi thông tin, tên tuổi, đơn vị. Ông đưa máy hướng về phía họ, chụp tấm ảnh đầu tiên là hai người lính chỉ mang quần rằn ri, mặt ủ rũ. Trên đường nhiều đồ dùng, quân phục liên quan chính quyền Việt Nam Cộng Hòa bỏ lại ngổn ngang. Trái ngược với hình ảnh này, những người bộ đội của Mặt trận Dân tộc Giải phóng miền Nam Việt Nam mang theo súng AK, B40, mìn phá rào ngồi trên xe Jeep chạy về phía trung tâm thành phố với khuôn mặt tươi cười, hừng hực khí thế. Sau khi chụp được khoảng 5-6 tấm ảnh trong khoảng 30 phút trên đoạn đường Trương Minh Giảng, ông vội chạy vào nhà vì thấy nhiều bộ đội vẫn còn cầm vũ khí. Dù vậy, với bản tính gan lì, thanh niên 19 tuổi khi ấy vẫn quyết định lao ra đường để tiếp tục chụp ảnh vào giữa trưa. Lần này, ông cài sẵn chế độ chụp trên máy ảnh, lấy băng keo dán quanh vòng xoay zoom trên ống kính để giữ cố định, nhờ một người bạn lái ôtô Nissan Datsun 1000 rảo quanh các tuyến đường. Vẫn mang nỗi sợ hãi bị ""trúng bom, đạn"", ở mỗi nơi, khi dừng xe, ông hạ kính xuống giơ máy ảnh chụp thật nhanh, đúng một tấm ảnh rồi rời đi. Khi xe chạy đến đường cuối đường Yên Đỗ, nay là giao lộ Lý Chính Thắng - Hai Bà Trưng, quận 3, ông bắt gặp khoảnh khắc đáng nhớ nhất trong bộ ảnh chụp ngày 30/4 lịch sử. Khi ấy, hai chiến sĩ giải phóng quân mặc quân phục màu xanh lá, đội mũ tai bèo chia nhau điếu thuốc lá, trên khuôn mặt thể hiện sự thoải mái. Về sau ông đặt tên bức ảnh là ""phút thư giãn khi đã làm chủ tình hình"". Sau đó, ông cùng người bạn tiếp tục đi đến những khu vực nổi bật của thành phố. Trong đó, tại nơi đầu tiên ở ngã tư Hàng Xanh, ông bắt gặp hình ảnh hàng dài chiến sĩ quân giải phóng mang balô, vác súng trên vai, tiến về trung tâm thành phố, nhiều người trong số họ tươi cười, vẫy tay chào khi thấy ông đưa máy lên chụp. Đến 14h, ông đi ra Xa lộ Biên Hòa nay là Xa lộ Hà Nội. Từ sau lớp kính chắn gió ôtô, ông ghi lại cảnh xe tải quân sự Molotova treo cờ mặt trận giải phóng miền Nam Việt Nam, bên cạnh là xe kéo khẩu pháo hướng về Biên Hòa. Khi ấy tại các giao lộ ở trung tâm thành phố, người dân đi xe đạp, chạy xe máy tấp nập trên đường. Một chiếc xe tăng, thiết giáp bị cháy đen bên cạnh có thi thể của lính Việt Nam Cộng Hòa nằm trên vỉa hè. Ở cuối lộ trình, ông cùng người bạn đã đến trước cổng Dinh Thống Nhất. Lúc này, cổng dinh đã bị xe tăng húc đổ, đông nghịt người đứng mong ngóng tin tức. Trên đường, hàng trăm nam nữ thanh niên chạy xe đạp, xe máy hay đi bộ đội nón lá. Ở giữa, xe chở những người lính thắng trận chạy tới lui để giữ trật tự trong khi lá cờ Mặt trận Dân tộc Giải phóng miền Nam bay phất phới trên nóc Dinh Thống Nhất. Ngoài chụp ảnh đường phố, con người, bộ đội ngày đó, ông Đạt còn lưu lại hình ảnh kỷ vật của người lính giải phóng quân là chiếc mũ cối dán phía trước dòng chữ: Phất cao cờ quyết thắng, đánh mạnh, đánh nhanh, đánh chắc, táo bạo, thọc sâu vào sào huyệt địch sớm nhất, lập công cao nhất chào mừng 3 ngày kỷ niệm lớn 1/5, 7/5 và 19/5. ""Đây cũng là hình ảnh tôi nhớ nhất vì tấm ảnh cho thấy quyết tâm của người lính ngày xưa"", ông nói. Kết thúc một ngày chụp quanh các đường phố, ông Đạt về nhà vào buồng tối để tráng phim, rửa ảnh. Khoảng một tuần sau, ông hoàn thành bộ ảnh gồm 33 tấm chụp khung cảnh ngày thống nhất, giữ kín gần 40 năm sau mới đăng lên mạng xã hội. Bộ ảnh của ông được Viện Khoa học lịch sử Việt Nam cùng nhiều cơ quan thông tấn lưu trữ, xem như là những tư liệu quý giá về ngày thống nhất đất nước. Sau năm 1975, ông Đạt xin làm tài xế ở Tổng công ty xuất nhập khẩu của Bộ Thương mại. Công tác được 5 năm, ông chuyển qua làm tại phòng xuất nhập khẩu tổng hợp 2 của tổng công ty. Từ vị trí nhân viên, đến năm 1995, ông lên làm phó phòng rồi trưởng phòng kho vận giao nhận trước khi nghỉ hưu vào năm 2006.","Hồi nhỏ, ông Đạt theo học trường La San Taberd (bây giờ là trường THCS - THPT Trần Đại Nghĩa, quận 1). Đến lớp 10, ông nghỉ học rồi theo đuổi đam mê chụp ảnh. Bố mẹ mua tặng máy ảnh loại rất đắt tiền, giá ngang một xe máy thời đó, để con trai thỏa chí đam mê. Ông cũng đăng ký học một số lớp dạy về nhiếp ảnh, trong đó có phóng sự ảnh chiến trường, kỹ thuật xử lý, phóng rọi phim. Những ngày cuối tháng 4/1975, tin tức từ các chiến trường dồn về Sài Gòn báo hiệu chuẩn bị có sự thay đổi lớn. Cũng như..."
"Đầu năm 1963, khi đồng ruộng ở vùng quê Cần Giuộc (Long An) bị bom đạn cày xới tan hoang, vợ chồng ông Võ Thành Lân dắt các con lên Sài Gòn tìm kế mưu sinh. Sau 6 năm mua bán và tích luỹ ở đất Sài Gòn, ông mở xưởng và theo nghề sản xuất gạch bông. Từ chỗ chỉ có chục chiếc máy ép tay và 20 thợ thủ công, xưởng gạch Đồng Tâm ngày ấy giờ đã thành công ty đa ngành: làm gạch, sản xuất vật liệu xây dựng, đầu tư bất động sản công nghiệp, cầu cảng... với tài sản gần 8.500 tỷ đồng. Lúc mới thành lập, nhân công trong xưởng của ông Lân đều là đồng hương lên Sài Gòn lánh nạn. Thời buổi loạn lạc nên từ chủ xưởng đến nhân công vừa làm vừa canh chừng binh biến. Mỗi khi nghe tiếng ""véo"" của súng đạn vút qua, mọi người lại bỏ dở việc, nhanh chân tìm chỗ trú ẩn. Cuối tháng 6/1969, Bộ Tài chánh mới cấp thẻ môn bài, chính thức mở ra lịch sử thương hiệu Đồng Tâm. Tấm thẻ vẫn được ông Võ Quốc Thắng - con trai thứ 8 trong gia đình và hiện là Chủ tịch HĐQT của Công ty cổ phần Đồng Tâm - cất giữ như kỷ vật vô giá. ""Ba tôi trăn trở, suy nghĩ nhiều lắm mới ra tên Đồng Tâm. Ông quan niệm một người dù làm bất cứ điều gì thì cũng không thể thiếu sự đoàn kết, đồng lòng, đồng tâm của tất cả mọi người"", ông Thắng nói. Giai đoạn đầu những năm 70, Đồng Tâm buôn bán rất khấm khá. Gạch sản xuất đến đâu hết đến đó. Có những lúc gạch còn tươi, chưa khô cũng được nhà thầu xây dựng chở đi hết. Hàng loạt công trình lớn trước ngày giải phóng như bệnh viện Chợ Rẫy, cư xá Thanh Đa, y viện Phước Kiến (nay là bệnh viện Nguyễn Trãi)... đều có bóng dáng gạch bông Đồng Tâm. Khi đó, tên ông Lân cũng được nhiều bạn hàng quen gọi thành ""ông Ba Đồng Tâm"". Theo ông Nguyễn Trường Lưu, Phó chủ tịch Hội Kiến trúc sư Việt Nam, giai đoạn đó gạch bông được xem như ""xa xỉ phẩm"" trong ngành vật liệu xây dựng. Chỉ những công trình quy mô hoặc tư sản ở thành thị, điền chủ ở nông thôn mới lát nền bằng gạch bông. Những công trình thấp cấp hơn và tầng lớp trung nông chỉ dùng gạch tàu. Tuy nhiên, giai đoạn hoàng kim của gạch bông không kéo dài lâu. Sau ngày giải phóng miền Nam 1975, trung tâm thành phố gần như không có công trình xây dựng mới, còn ngoại thành và những tỉnh vùng ven lụp xụp, đổ nát. Ông Ba Đồng Tâm khi đó vẫn bám trụ Sài Gòn, còn vợ và các con quay lại Long An. Một năm sau, cơ sở Đồng Tâm phải sáp nhập cùng nhiều xưởng gạch bông khác thành tổ hợp Đồng Hiệp. Tổ hợp hoạt động theo cơ chế nhà nước giao chỉ tiêu và vật tư để sản xuất nên không còn linh hoạt. Đến năm 1978, nguyên vật liệu thiếu hụt trầm trọng, ông buộc lòng đóng cửa, gác lại giấc mơ mở rộng nhà xưởng còn dang dở. ""Ba tôi lúc đó buồn lắm, bởi đang trên đà phát triển thì phải chững lại. Ông gác giấc mơ mở rộng nhà xưởng, theo chủ trương đi về vùng kinh tế mới. Gia đình có sẵn đất đai ở Long An nên ba má tôi trở lại làm nông"", ông Thắng nhớ lại. Không riêng Đồng Tâm, hàng nghìn cơ sở kinh doanh lớn nhỏ ở TP HCM lúc ấy cũng rơi vào tình cảnh tương tự. Nguyên liệu cạn kiệt do Việt Nam bị cấm vận gay gắt, nhiều mặt hàng không thể nhập từ nước ngoài như trước, còn trong nước lại chưa tự sản xuất. Bà Phạm Chi Lan, nguyên thành viên Tổ tư vấn của cố Thủ tướng Võ Văn Kiệt, nói rằng chính sách cải tạo công thương nghiệp tư nhân không hợp lý khiến nền kinh tế miền Nam và Sài Gòn lao dốc. Nhiều doanh nhân và thương gia không muốn rời Sài Gòn, nhưng cuối cùng vẫn phải ra đi. Tiểu thương, tiểu chủ còn ở lại - những người đã duy trì được kinh doanh ngay cả trong thời chiến - đối diện khó khăn trăm bề. Đúc kết lại thập niên đầu sau thống nhất, PGS.TS Phan Xuân Biên, Phó chủ tịch Hội Khoa học Lịch sử Việt Nam, tóm gọn bằng hai chữ: hiểm nghèo. ""Ba má tôi nghĩ, vậy là hết, cái tên Đồng Tâm đã đi vào dĩ vãng"", ông Thắng nói. Bẵng đi một thời gian, năm 1986, TP HCM bật đèn xanh cho những sáng kiến ""xé rào"", kêu gọi tinh thần dám nghĩ, dám làm, dám chịu trách nhiệm để từng bước thoát khỏi cách suy nghĩ, làm ăn kiểu cũ. Cơ chế tập trung, bao cấp dần xoá bỏ và tư nhân được cho phép làm kinh tế. Những người có chí hướng làm ăn bắt đầu cảm nhận luồng sinh khí mới sôi sục khi nhiều nhà máy tái thiết sản xuất. Ông Võ Quốc Thắng, khi ấy 19 tuổi, bàn với gia đình mở cửa trở lại. Gọi là trở lại nhưng mọi thứ đều bắt đầu từ con số 0, trừ thương hiệu Đồng Tâm. Vợ chồng ""ông Ba Đồng Tâm"" hết đưa vàng rồi bán lúa đợt này đến đợt khác cho các con mở rộng nhà xưởng, máy móc. Ông Thắng cùng anh chị em vừa làm quản lý, vừa xắn tay vào sản xuất kiêm cả tiếp thị và bán hàng. Nghe bạn bè báo tin nơi nào sắp có công trình xây dựng, ông đạp xe đến hỏi thăm chào hàng. ""Khi chính sách Đổi mới ra đời, tôi tự tin Nhà nước sẽ tạo điều kiện hết mức để doanh nghiệp chỉ mở thêm chứ không bao giờ đóng lại. Cứ có một đồng tôi và anh chị em lại vay thêm 2 đồng để mua sắm máy móc, mở rộng nhà xưởng. Má tôi lo cho các con nên dặn đi dặn lại, làm cũng phải để dành, nhỡ có chuyện"", ông Thắng kể. Nhu cầu xây dựng công trình sau Đổi mới ở thành phố và các địa phương lân cận nhiều vô kể. Ông Nguyễn Trường Lưu nói hầu như công trình nào trong giai đoạn này cũng lót nền bằng gạch bông kích thước 20x20 cm. Đồng Tâm từ từ nổi lên, có thêm thị phần khi nhiều xí nghiệp sản xuất gạch bông tên tuổi trước đó lụi tàn dần sau quốc hữu hoá. Kinh doanh không bao lâu, ông Thắng từ xe đạp ""lên đời"" Honda, sau đó là chiếc Vespa trị giá hơn 2 cây vàng, để chạy khắp nơi chào hàng. Có những chuyến ra Vũng Tàu, lúc đi gạch mẫu chất phía trước, lúc về tiền đặt cọc bỏ đầy cốp xe. Nhưng áp lực cạnh tranh bắt đầu xuất hiện từ những năm đầu thập niên 90. Người dân có nhiều lựa chọn gạch ốp lát kích thước lớn, mỏng nhẹ và nhiều hoa văn tráng men bóng mới hơn gạch bông. ""Các hãng gạch truyền thống khi đó đứng trước hai hướng đi, một là đóng cửa vì không cạnh tranh được với gạch ceramic, hai là phải đầu tư máy móc để sản xuất quy mô công nghiệp"", ông Nguyễn Trường Lưu nhớ lại. Khi đó, ông Thắng và anh em trong nhà không ngần ngại chọn hướng thứ hai. Ông bay sang Đài Loan nhập gạch về phân phối trong nước, sẵn tìm hiểu dây chuyền quy mô lớn. Ông tiếp tục sang Ý, lân la khắp các hãng chế tạo máy lớn nhất nước này để tìm hiểu kỹ thuật và dây chuyền tự động hoá. ""Ban đầu gặp họ nói giá thách gấp 2-3 lần và muốn tôi ký hợp đồng, đặt cọc ngay. Tôi từ chối bởi nguyên tắc là mua đồ không bao giờ chốt giá trên đất khách, mà phải về nước mình"", ông Thắng nói. Năm 1993 đánh dấu bước chuyển lớn của Đồng Tâm, từ cơ sở gạch bông thành công ty. Dây chuyền sản xuất từ Ý sau đó cũng cập cảng, được đưa về nhà máy gạch men lát nền ở Bến Lức (Long An). ""Những ngày lắp ráp máy, tôi thức trắng đêm dõi theo từng công đoạn. Khoảnh khắc viên gạch đầu tiên ra khỏi lò nung, còn nóng hôi hổi, cầm trên tay mà tôi khóc trong hạnh phúc"", ông Thắng nhớ lại lúc ấy mới 28 tuổi. Trên đà phát triển, Đồng Tâm tính chuyện vươn ra miền Trung. Ông Thắng được lãnh đạo tỉnh Quảng Nam mời gọi tham quan khu công nghiệp Điện Nam - Điện Ngọc vừa có giấy phép thành lập cuối năm 1996. Thời đó, nơi đây là vùng đất hoang hoá, ""ruồi muỗi vây kín chén cơm"" nên không nhiều người dám đầu tư. Nhưng nhìn thấy cơ hội để chiếm thị phần cả khu vực này, ông Thắng vay mượn khắp nơi gần 20 triệu USD (tương đương 270 tỷ đồng thời đó) xây nhà máy thứ ba. ""Góp hết tiền làm dự án nên gia đình tôi không có một chỗ đi về đúng nghĩa. Bạn bè muốn tới thăm nhưng mình phải nói khi ở quận 3 hoặc lúc thì sửa nhà dưới Bình Chánh, chứ thực tế lúc đó sống trong một căn phòng nhỏ ở quận 6"", ông Thắng nhớ lại. Để chạy đua tiến độ, người đứng đầu Đồng Tâm miệt mài từ sáng đến đêm ở Quảng Nam, ngày ngày lót dạ bằng bữa cơm bụi. Lúc nào mệt, ông cho biết chỉ chợp mắt tại chỗ, khi tỉnh táo lại bật dậy làm tiếp. Quyết định đầu tư năm 1999 và chỉ mất đúng một năm, nhà máy chính thức cắt băng khánh thành vào cuối tháng 10/2000. Lãnh đạo Hội Kiến trúc sư Việt Nam nói rằng đây là nhà máy gạch hiện đại nhất Đông Nam Á lúc bấy giờ bởi dây chuyền có thể cùng lúc sản xuất gạch men lát nền, ốp tường và gạch porcelain. Công suất ban đầu của nhà máy vượt 6 triệu m2 gạch mỗi năm, vượt xa năng lực sản xuất thủ công. Đúng như tính toán của ông Thắng, nhà máy này giúp Đồng Tâm nhanh chóng dẫn đầu thị phần gạch bông ở miền Trung và bắc cầu cho công ty tiến ra phía Bắc. Đại lý phân phối tăng dần đều, còn đơn đặt hàng nhảy vọt theo cấp số nhân. Hơn 3.000 mẫu mã gạch bông, cộng thêm gạch men và porcelain của Đồng Tâm không chỉ xuất hiện ở các công trình lớn nhỏ trong nước mà còn lội ngược dòng sang Trung Quốc và nhiều quốc gia ở Trung Đông, châu Mỹ, châu Âu. Mặt hàng này đóng góp phần lớn trong cơ cấu doanh thu và lợi nhuận, giúp công ty chạm mốc lãi trăm tỷ đồng từ năm 2009. Từ xưởng gạch kế nghiệp của gia đình, Đồng Tâm dưới thời ông Thắng lấn sân sang nhiều lĩnh vực khác. Công ty này sản xuất thêm sơn nước trang trí, cửa nhựa, cọc bê tông rồi có lúc góp vốn tham gia ngành hàng thiết bị vệ sinh. Sở thích làm những điều mới mở ra cơ duyên đầu tư cho bóng đá. Ông Thắng từng rót hàng trăm tỷ đồng vào câu lạc bộ Đồng Tâm Long An. Cứ mỗi cuối tuần, logo công ty lại xuất hiện trên ngực áo của các cầu thủ khi đội bóng này đá giải vô địch quốc gia. Chưa dừng lại, Đồng Tâm còn đầu tư vào bất động sản khu công nghiệp với nhiều dự án hàng trăm hecta ở Long An. Tài sản của Đồng Tâm liên tục ""nở"" ra theo quy mô hoạt động, đến cuối năm 2011 đã có gần 3.000 tỷ đồng. Tuy nhiên, do việc ghi nhận doanh thu cho thuê đất khu công nghiệp được chia đều hàng năm nên lợi nhuận cũng tương tự, dẫn đến một số năm công ty phát sinh lỗ. ""Tôi không nao núng bởi đánh giá triển vọng của lĩnh vực này rất lớn. Khu công nghiệp của chúng tôi mở ra đến đâu, tỷ lệ cho thuê lấp đầy đến đó"", ông Thắng chia sẻ. Đến năm 2015, các mảng kinh doanh cũ và mới đều vào guồng ổn định, Đồng Tâm ghi nhận doanh thu 1.880 tỷ đồng và lãi gần 280 tỷ đồng, cao nhất sau gần ba thập kỷ khôi phục thương hiệu. Vốn chủ sở hữu khi đó cũng gần chạm mốc nghìn tỷ đồng. Đồng Tâm nói chung và cá nhân ông Thắng sau đó còn tham gia vào lĩnh vực ngân hàng, cà phê và gần nhất là cảng biển, dịch vụ logistics. ""Tôi nghĩ mình không quá liều lĩnh đâu vì làm gì cũng tìm hiểu kỹ lưỡng, tham khảo nhiều nơi. Dĩ nhiên không có lĩnh vực nào an toàn tuyệt đối, nhưng rủi ro phải nằm trong phạm vi kiểm soát được"", ông Thắng nói. Trong đó, dự án cụm cảng quốc tế Long An là trường hợp ngoại lệ. Dự án ban đầu được giao cho nhiều nhà đầu tư khác nhưng chưa triển khai được. Sau thời gian ì ạch, ông Thắng quyết định nhận dự án vì được lãnh đạo động viên và hơn hết là tâm niệm đơn giản: cha mẹ tôi sinh ra, lớn lên ở mảnh đất này, nay tôi có khả năng mà không làm thì không chịu được. Cụm cảng có quy hoạch 1.935 ha tại Cần Giuộc, gồm nhiều cấu phần như cảng, khu công nghiệp, dịch vụ công nghiệp và khu đô thị. Đây là cảng biển tư nhân đầu tiên tại khu vực Đồng bằng sông Cửu Long suốt từ lúc còn là kế hoạch trên bàn giấy hơn 20 năm trước cho tới khi thành hình. Khu đất dự án trước kia là một bãi đầm lầy hoang vu; lau sậy, dừa nước mọc quá đầu người. Những ngày đầu nhận dự án, ông Thắng xắn quần lội bùn vào khảo sát thực địa. Đều đặn cả năm sau, buổi sáng ông ngồi tại TP HCM xử lý công việc, đến chiều xuống công trường đốc thúc thi công, khuya lại quay ngược về. Chớp mắt 3 năm, tháng 1/2017, đứng bên bờ cảng, ông Thắng ""gợn sống lưng"" khi nhìn chiếc tàu quốc tế đầu tiên từ từ tiến vào và thả neo trên sông Soài Rạp. Ngày hợp long 7 cầu cảng, ông Nguyễn Minh Lâm - Phó chủ tịch UBND tỉnh Long An - gọi đây là ""dự án quy mô, có tầm vóc và chiến lược phát triển rõ ràng"" để giải quyết bài toán logistics cho cả khu vực. Còn với ông Thắng, quy mô như vậy vẫn ""chưa tới"", nên ông ấp ủ mở rộng quy mô 9 cầu cảng và xây dựng một trung tâm đón tàu du lịch cỡ lớn. Khi hoàn thành, ""dự án tâm huyết cả đời"" của ông có chiều dài liên tục bờ cảng lên trên 2 cây số - lớn nhất cả nước - và có thể tiếp nhận tàu tải trọng 100.000 DWT. Lý giải cho những quyết định đầu tư tất tay, ông Thắng nói chính tinh thần dám nghĩ dám làm và ""máu liều có kiểm soát"" giúp Đồng Tâm làm được nhiều thứ hơn tưởng tượng. Ông xem việc bành trướng từ một xưởng sản xuất gạch bông thành một tập đoàn đa ngành, xác định mũi nhọn bây giờ gồm hạ tầng và logistics, là ""duyên phận trời định"". Để theo đuổi dự án này, ông cho biết đang gác lại ước mơ lớn là phát triển một hệ sinh thái hoàn chỉnh để cung cấp mọi thứ cần thiết khi xây dựng một ngôi nhà. ""Nếu chi ly bài toán kinh tế và nghĩ đến lợi nhuận như các ngành khác, tôi không bao giờ làm cảng vì không biết chừng nào mới thu hồi vốn. Nhưng, tôi làm cảng vì quê mình, vì sự thay da đổi thịt của một vùng đất"", ông Thắng bộc bạch. Tương tự như khi mới đầu tư bất động sản khu công nghiệp, mảng hạ tầng và logistics hiện chưa có lãi. Đồng Tâm đang ""lấy ngắn nuôi dài"", tức lợi nhuận từ các mảng kinh doanh chủ lực như vật liệu xây dựng và bất động sản khu công nghiệp được tái đầu tư cho mảng hạ tầng và logistics. Hiện tổng tài sản của Đồng Tâm khoảng 8.500 tỷ đồng, gấp 3 lần cách đây một thập kỷ. Sau gần 40 năm xây dựng lại, Đồng Tâm nhận hàng chục lời ngỏ ý mua bán sáp nhập từ các tổ chức nước ngoài. Ông Thắng cho biết chưa một lần gật đầu bởi lòng tự tôn dân tộc và quyết tâm giữ thương hiệu. Ông nói ""lấy tiền cũng không để làm gì"", và hơn hết là bán cho đối tác nước ngoài thì dễ nhưng giữ được thương hiệu để tiếp tục đóng góp cho đất nước mới khó. Ông Thắng nhìn nhận yếu tố thuận lợi lớn của công ty lúc này là ""thiên thời"", khi đất nước trong giai đoạn khởi đầu của cuộc ""Đổi mới lần thứ hai"" để bước vào kỷ nguyên mới. Đảng và Nhà nước đang khuyến khích phát triển kinh tế tư nhân và thúc đẩy đầu tư hạ tầng để tăng liên kết vùng. ""Chúng tôi đi trước một bước nên kỳ vọng quy mô của mảng kinh doanh mũi nhọn sẽ tăng nhanh, dần tiến đến có lãi"", ông nói. Còn yếu tố ""nhân hòa"", ông Thắng cho biết luôn giáo dục các con là một mình không thể làm việc lớn, mà phải chung sức của cả tập thể. Đồng Tâm đã xây dựng điều này trở thành văn hóa để ai cũng được quyền góp ý kiến và chia sẻ thành quả. ""Tôi chưa tưởng tượng đến 50 năm tiếp theo của Đồng Tâm, bởi đó là điều thế hệ sau sẽ nghĩ. Nhưng một thập kỷ tới, tôi mong mình đủ thời gian và tiềm lực để quay lại thực hiện kế hoạch còn dang dở - hoàn thiện hệ sinh thái để cung cấp mọi thứ cần thiết cho người Việt khi xây dựng một ngôi nhà"", ông Thắng tâm sự khi đứng trên tầng thượng toà nhà điều hành, nơi nhìn ra 7 cầu cảng và cột cờ Việt Nam sừng sững. Cột cờ ống thép được Đồng Tâm chủ ý xây cao 63 mét và lá cờ rộng 54 mét, tượng trưng cho 63 tỉnh thành và 54 dân tộc anh em. Ông Thắng xem đây như sự tri ân những chiến sĩ đã anh dũng hy sinh, mãi mãi nằm lại nơi này để góp phần thống nhất đất nước bằng đại thắng mùa xuân cách đây nửa thế kỷ. Tuyến bài ""Doanh nghiệp nửa thế kỷ"" của VnExpress kể câu chuyện về các thương hiệu tại TP HCM có tuổi đời trên 50 năm - chứng kiến sự chuyển mình của đất nước sau thống nhất. Sản phẩm và dịch vụ của họ phổ biến khắp cả nước, gắn bó với bao thế hệ người Việt. Nhiều doanh nghiệp từng vang bóng trên thị trường và trở thành những trụ cột quan trọng cho nền kinh tế. Trải qua nhiều thay đổi lớn của thời cuộc, có lúc tưởng chừng phá sản, nhưng rồi họ vẫn hoạt động ổn định, không ngừng đổi mới để tiếp nối hành trình đưa thương hiệu Việt vươn xa.","Đầu năm 1963, khi đồng ruộng ở vùng quê Cần Giuộc (Long An) bị bom đạn cày xới tan hoang, vợ chồng ông Võ Thành Lân dắt các con lên Sài Gòn tìm kế mưu sinh. Sau 6 năm mua bán và tích luỹ ở đất Sài Gòn, ông mở xưởng và theo nghề sản xuất gạch bông. Từ chỗ chỉ có chục chiếc máy ép tay và 20 thợ thủ công, xưởng gạch Đồng Tâm ngày ấy giờ đã thành công ty đa ngành: làm gạch, sản xuất vật liệu xây dựng, đầu tư bất động sản công nghiệp, cầu cảng... với tài sản gần 8.500 tỷ đồng. Lúc mới thành lập, nhân..."
"Hai người phụ nữ Sài Gòn diện áo dài ngũ thân. Bức ảnh do nhiếp ảnh gia người Pháp Émile Gsell chụp năm 1866, được trưng bày tại Phòng trưng bày Met nổi tiếng của New York nhân kỷ niệm 150 năm thành lập. Ảnh: The Met
Trải qua hơn 300 năm từ khi thành lập năm 1698 tới nay, áo dài là một phần không thể thiếu trong văn hóa mặc của người Sài Gòn. Thiết kế biến đổi không ngừng từ chất liệu, đường cắt, độ dài rộng của tà, dáng cổ tới kiểu quần đi kèm. Theo Sử liệu Việt sử: Xứ Đàng Trong của Phan Khoang, thế kỷ 18-19, trang phục phổ biến của người Sài Gòn là ngũ thân - một loại áo dài gồm năm mảnh vải, cổ cao, thẳng và vuông, tượng trưng cho sự chính trực, mặc cùng quần dài. Phụ nữ thường diện áo cổ thấp, tay thon và hẹp hơn, vạt dài quá gối và xòe rộng, thường mặc kèm yếm bên trong. Màu sắc và hoa văn thay đổi theo từng dịp: Đỏ, hồng cho lễ cưới, đen hoặc nâu cho đời sống hàng ngày. Tới thập niên 1910-1930, áo dài vẫn giữ vị trí hàng đầu trong đời sống thường nhật. Tà được may ngắn hơn so với thời kỳ đầu để tiện lao động, sinh hoạt hàng ngày. Thay vì mang giày thêu họa tiết của triều Nguyễn, nhiều người đi guốc có quai đóng đinh hai đầu, vắt ngang qua năm ngón chân, gọi là guốc Sài Gòn. Ảnh: Tư liệu
Tới thập niên 1910-1930, áo dài vẫn giữ vị trí hàng đầu trong đời sống thường nhật. Ảnh: Tư liệu
Giữa thập niên 1930, họa sĩ Nguyễn Cát Tường tiên phong cải biên áo dài, giúp thiết kế sang một chương mới. Ông sáng tạo nên nhiều kiểu áo như không cổ, tay ngắn, không tay, vai bồng, gấu tay loe, không cài cúc, vạt ngắn, gọi chung là áo dài Lemur (tiếng Pháp nghĩa là bức tường). Mẫu áo Âu hóa này được một bộ phận phụ nữ cấp tiến đón nhận đến cuối thập niên 1940. Đầu những năm 1950, áo Lemur không còn xuất hiện nữa. Ảnh: Tư liệu
Những năm 1950, áo dài thịnh hành và bùng nổ với nhiều kiểu dáng. Thiết kế trở nên táo bạo hơn khi được may chít eo, ôm sát người. Cổ áo cao cũng góp phần giúp tôn lên vóc dáng người mặc. Ảnh: Tư liệu
Cuối thập niên này, áo dài có thêm dáng cổ thuyền, cổ tim được lấy cảm hứng từ áo của bà Trần Lệ Xuân - vợ ông Ngô Đình Nhu, cố vấn chính quyền ở miền Nam thời này. Ảnh: Tư liệu
Từ năm 1958, áo dài raglan xuất hiện do ông Đỗ Thành - chủ tiệm may Dung Dakao - sáng tạo. Thiết kế mang đặc trưng tay lỡ, chít eo hết mức có thể, cổ thấp. Để vai áo bớt nhăn, ông Thành đưa lối ráp tay raglan xéo vai trong âu phục vào áo dài. Ông còn thực hiện chương trình diễn áo dài cùng năm tại hai hí viện Grand Monde và Arc-en-Ciel năm 1959 để quảng bá. Những hiện vật áo dài do ông cắt may cho con gái, con dâu từng được trưng bày tại Bảo tàng Áo dài năm 2014. Ảnh: Tư liệu
Cuối những năm 1960, do ảnh hưởng bởi trào lưu văn hóa hippie bắt nguồn từ Mỹ và lan rộng toàn cầu, áo dài hippy ra đời. Vạt may hẹp và ngắn đến đầu gối, thân may nới ra, bỏ phần chít eo, cổ thấp. Vai áo dài được nối theo cách raglan để ôm vai mềm mại hơn, tiết kiệm vải. Áo mặc cùng quần dài với ống rộng đến 60 cm. Thiết kế thịnh hành đến giữa thập niên 1990. Ảnh: Tư liệu
Thập niên 1970, các quý cô quay về ưa chuộng áo dài chít eo tối đa. Nhiều cô gái mặc nịt ngực bó bụng, cốt sao cho vòng eo con ong hiện ra. Chất liệu may áo dài thời này phong phú hơn với vải tổng hợp, vải in họa tiết màu sắc nổi bật. Quần lụa đi kèm được may phom rộng vừa phải, nhằm đem tới sự gọn gàng và hiện đại. Phụ nữ diện áo dài ra đường thường đeo kính râm, mang găng tay, giày kitten. Ảnh: Tư liệu
Diễn viên múa, hoa khôi Lê Đoàn Phương Uyên trình diễn áo dài Vòng xoay của Sĩ Hoàng tại cuộc thi Khỏe đẹp - Thời Trang - Thể thao lần đầu tổ chức năm 1991 tại TP HCM. Ảnh: Trúc Lam
Đầu thập niên 1990, áo dài TP HCM mang một diện mạo mới nhờ nhà thiết kế Sĩ Hoàng và Minh Hạnh. Trong khi Minh Hạnh đưa thổ cẩm lên tà áo, Sĩ Hoàng lại thể hiện tay nghề hội họa bằng những nét vẽ hay đi màu trên trang phục. Dáng áo giai đoạn này vẫn mang đậm nét truyền thống với cổ cao, tà dài chạm gối hoặc qua gối, đi kèm quần lụa rộng. Phần eo ôm nhẹ thay vì bóp chặt như những năm 1970. Đầu thập niên 2010, nhà thiết kế Công Trí tiếp sức sống cho áo dài khi áp dụng phương pháp in kỹ thuật số (trái) thay vì vẽ thủ công như Sĩ Hoàng. Tà áo cách tân với phần vạt dài chạm đất. Sang tới những năm 2010 (ba ảnh còn lại), áo dài ""lột xác"" với nhiều chi tiết cải biên từ trang phục phương Tây. Giờ đây, phụ nữ có vô vàn sự lựa chọn như vai áo bồng, cổ khoét sâu, chất liệu vải xuyên thấu, ren, lưới, áo đính đá, cườm, sequin hay thêu thủ công, đính hoa 3D, cắt laser... Quần đi kèm không nhất thiết phải là quần lụa ống rộng như xưa mà có thể là quần jeans, quần Tây. Nhiều chị em còn thay bằng chân váy maxi. Ảnh: Nhân vật cung cấp
Đầu thập niên 2010, nhà thiết kế Công Trí tiếp sức sống cho áo dài khi áp dụng phương pháp in kỹ thuật số (trái) thay vì vẽ thủ công như Sĩ Hoàng. Ảnh: Nhân vật cung cấp
Công Trí gây tiếng vang với show Coco yêu dấu năm 2018. Bộ sưu tập là sự kết hợp giữa áo khoác vải tweed và áo dài. Video: Nhân vật cung cấp
Áo dài những năm 2020 tiếp tục mang một màu sắc mới dưới sự sáng tạo của các nhà thiết kế gen Z. Dường như không có giới hạn nào trong sáng tạo. Với sở thích mặc đồ thoải mái của đa số người trẻ, phom áo vài năm trở lại đây trở nên rộng hơn với đường cắt suông, bỏ chiết eo hay xếp ly. Một số thương hiệu lăng xê kiểu áo dài truyền thống của thập niên 1930, số khác đi theo trường phái tái cấu trúc với phom bất đối xứng, tạo khối phá cách, cắt xẻ bạo hơn. Ảnh: H2B, Mare
Áo dài những năm 2020 tiếp tục mang một màu sắc mới dưới sự sáng tạo của các nhà thiết kế gen Z. Ảnh: H2B, Mare
Ý Ly","Hai người phụ nữ Sài Gòn diện áo dài ngũ thân. Bức ảnh do nhiếp ảnh gia người Pháp Émile Gsell chụp năm 1866, được trưng bày tại Phòng trưng bày Met nổi tiếng của New York nhân kỷ niệm 150 năm thành lập. Ảnh: The Met
Trải qua hơn 300 năm từ khi thành lập năm 1698 tới nay, áo dài là một phần không thể thiếu trong văn hóa mặc của người Sài Gòn. Thiết kế biến đổi không ngừng từ chất liệu, đường cắt, độ dài rộng của tà, dáng cổ tới kiểu quần đi kèm. Theo Sử liệu Việt sử: Xứ Đàng Trong của Phan Khoan..."
"Trung tâm báo chí được Ban Chỉ đạo Trung ương Kỷ niệm các ngày lễ lớn và sự kiện lịch sử quan trọng của đất nước trong 3 năm (2023-2025) khai trương sáng 27/4. Ông Lê Hải Bình, Thứ trưởng thường trực Bộ Văn hóa, Thể thao và Du lịch là giám đốc trung tâm. Hội Nhà báo TP HCM ở số 14 Alexandre De Rhodes, phường Bến Nghé, quận 1, ngay khu vực tổ chức lễ kỷ niệm, diễu binh, diễu hành (trục đường Lê Duẩn, một số tuyến đường trung tâm và Hội trường Thống Nhất). Theo ban tổ chức, việc đặt Trung tâm báo chí tại đây giúp tạo điều kiện thuận lợi cho các phóng viên, biên tập viên di chuyển tác nghiệp. Chủ tịch UBND TP HCM Nguyễn Văn Được cho biết ""Lễ kỷ niệm 50 năm Ngày Giải phóng miền Nam, thống nhất đất nước"" nhận được sự ủng hộ nhiệt tình, mạnh mẽ của báo chí cả nước và quốc tế. Tới lúc này, đã có 169 phóng viên quốc tế của 39 hãng thông tấn báo chí và 17 quốc gia; hơn 630 phóng viên của 81 cơ quan báo chí trong nước đăng ký tác nghiệp tại sự kiện. Theo ông Được, việc tiếp đón, tạo điều kiện để đội ngũ phóng viên, biên tập viên truyền tải thông tin, hình ảnh về buổi lễ đến đồng bào cả nước và nhân dân thế giới có ý nghĩa hết sức quan trọng. Do đó, các đơn vị liên quan cần tạo điều kiện thuận lợi nhất cho các hoạt động báo chí. Lễ kỷ niệm cấp quốc gia được tổ chức vào lúc 6h30 ngày 30/4 tại tuyến đường Lê Duẩn, quận 1 và một số tuyến đường trung tâm TP HCM. Chương trình diễu binh, diễu hành gồm: 4 khối diễu hành của khối Nghi trượng; 36 khối diễu binh; 12 khối diễu hành. Ngoài ra, còn có khối diễu binh của Lào, Campuchia, Trung Quốc. Tại lễ khai trương, Bộ Khoa học và Công nghệ phối hợp với Bộ Văn hóa, Thể thao và Du lịch, UBND TP HCM và Tổng Công ty Bưu điện Việt Nam phát hành bộ Tem bưu chính ""Lễ kỷ niệm 50 năm Ngày Giải phóng miền Nam, thống nhất đất nước"". Bộ tem gồm hai mẫu tem và một block, với khuôn khổ tem là 32x43 mm, block là 70x100 mm. Tem có mệnh giá 4.000 đồng và 15.000 đồng. Bộ tem do họa sĩ Nguyễn Du (Tổng Công ty Bưu điện Việt Nam) thiết kế, được phát hành trên toàn quốc tại các Bưu điện tỉnh, thành phố và các trung tâm giao dịch. Ngoài ra, trong khuôn viên Hội Nhà báo TP HCM đã triển lãm trang Nhất ngày 30/4 của Báo Nhân dân qua các năm: 1975, 1980, 1985, 1990, 1995, 2000, 2010, 2015 và 2020.","Trung tâm báo chí được Ban Chỉ đạo Trung ương Kỷ niệm các ngày lễ lớn và sự kiện lịch sử quan trọng của đất nước trong 3 năm (2023-2025) khai trương sáng 27/4. Ông Lê Hải Bình, Thứ trưởng thường trực Bộ Văn hóa, Thể thao và Du lịch là giám đốc trung tâm. Hội Nhà báo TP HCM ở số 14 Alexandre De Rhodes, phường Bến Nghé, quận 1, ngay khu vực tổ chức lễ kỷ niệm, diễu binh, diễu hành (trục đường Lê Duẩn, một số tuyến đường trung tâm và Hội trường Thống Nhất). Theo ban tổ chức, việc đặt Trung tâm báo ..."
"Khoảnh khắc hổ mang chúa Su-30MK2 tách nhau, sau đó thả bẫy nhiệt trên không trung. Bẫy nhiệt được thả từ phần đuôi chiến đấu cơ, tạo thành những vệt khói lửa bừng sáng trên trời. Mồi bẫy nhiệt là phần hệ thống phòng thủ chủ động được thiết kế để bảo vệ máy bay trước các loại tên lửa phòng không sử dụng đầu dẫn hồng ngoại. Thiết kế này gắn ở đuôi tiêm kích Su-30MK2. Khoảnh khắc biên đội 4 chiếc Su-30 chao lượn bên bẫy nhiệt. Những vệt khói lửa dài hàng trăm mét rực sáng trên bầu trời thành phố. Khoảnh khắc Su-30MK2 thả bẫy nhiệt trên bầu trời TP HCM. Video: Nhóm phóng viên
4 chiếc Su-30MK bay theo hàng dọc trên bầu trời TP HCM trước khi kết thúc màn trình diễn. Ba máy bay huấn luyện Yak-130 nhào lộn trên đỉnh tòa nhà Bitexco. Biên đội 10 trực thăng kéo cờ Tổ quốc và cờ Đảng bay hướng về Landmark 81- tòa nhà cao nhất Việt Nam, cách nơi diễn ra lễ diễu binh ngày 30/4 khoảng 5 km.","Khoảnh khắc hổ mang chúa Su-30MK2 tách nhau, sau đó thả bẫy nhiệt trên không trung. Bẫy nhiệt được thả từ phần đuôi chiến đấu cơ, tạo thành những vệt khói lửa bừng sáng trên trời. Mồi bẫy nhiệt là phần hệ thống phòng thủ chủ động được thiết kế để bảo vệ máy bay trước các loại tên lửa phòng không sử dụng đầu dẫn hồng ngoại. Thiết kế này gắn ở đuôi tiêm kích Su-30MK2. Khoảnh khắc biên đội 4 chiếc Su-30 chao lượn bên bẫy nhiệt. Những vệt khói lửa dài hàng trăm mét rực sáng trên bầu trời thành phố. ..."
"Hòa chung không khí chào mừng 50 năm Giải phóng miền Nam, thống nhất đất nước, trường Tiểu học Tây Sơn, Hà Nội, tạo thảm cờ đỏ sao vàng khu vực cổng trường từ hôm 23/4 để thầy cô, phụ huynh và học sinh chụp ảnh. Trong các lớp học, giáo viên và học sinh kết bản đồ Việt Nam từ hoa giấy để trang trí. Tại trường Phổ thông liên cấp Phenikaa Hà Nội, Hội đồng học sinh tiểu học vẽ tranh trưng bày trong khuôn viên trường. Trong tranh, hai bạn nhỏ đứng trong sân Dinh Độc lập, trò chuyện với nhau về chiếc xe tăng 390 làm nên lịch sử, ngày 30/4. Tại trường THCS Tân Dân, huyện Nam Đàn, Nghệ An, hơn 630 học sinh toàn trường xếp hình bản đồ Việt Nam. Thầy cô và các em chuẩn bị kỹ lưỡng, từ khâu phân chia vị trí, tập dượt đội hình đến sử dụng trang phục, đạo cụ nhằm tạo ra hình ảnh đẹp, chỉn chu nhất có thể. Màn xếp hình bản đồ Việt Nam của học sinh trường THCS Tân Dân. Học sinh thuộc câu lạc bộ Vẽ vời khởi nghiệp, trường THPT Cẩm Giàng, Hải Dương, dành 10 ngày hoàn thành bức tranh trên bảng tin của trường nhằm hưởng ứng dịp lễ 30/4 và Quốc tế Lao động 1/5. ""Bức tranh được vẽ để chào mừng và tôn vinh những giá trị thiêng liêng của dân tộc. Qua đó, chúng em muốn thể hiện lòng tự hào, biết ơn sâu sắc về quá khứ hào hùng của đất nước mình"", đại diện câu lạc bộ chia sẻ. Tại ngày hội STEM và đọc sách báo diễn ra ngày 26/4, học sinh trường Tiểu học Giấy Bãi Bằng, Phú Thọ làm nhiều mô hình như cột cờ, xe tăng. Không khí tại các trường đại học cũng rộn ràng. Trong ảnh là khuôn viên trường Đại học Công thương TP HCM rợp cờ đỏ sao vàng. Dương Tâm
Ảnh: Nhà trường cung cấp","Hòa chung không khí chào mừng 50 năm Giải phóng miền Nam, thống nhất đất nước, trường Tiểu học Tây Sơn, Hà Nội, tạo thảm cờ đỏ sao vàng khu vực cổng trường từ hôm 23/4 để thầy cô, phụ huynh và học sinh chụp ảnh. Trong các lớp học, giáo viên và học sinh kết bản đồ Việt Nam từ hoa giấy để trang trí. Tại trường Phổ thông liên cấp Phenikaa Hà Nội, Hội đồng học sinh tiểu học vẽ tranh trưng bày trong khuôn viên trường. Trong tranh, hai bạn nhỏ đứng trong sân Dinh Độc lập, trò chuyện với nhau về chiếc ..."
"-
9h10
Lực lượng đi qua nhiều tuyến đường, giao lưu với người dân
Sau khi diễu binh qua lễ đài, các lực lượng chia làm 4 hướng để tới nơi tập kết ở bến Bạch Đằng, công viên Tao Đàn, sân vận động Hoa Lư và công viên Lê Văn Tám. Việc phân chia này nhằm giảm sự ùn tắc, các lực lượng khi diễu hành có thể giao lưu nhiều hơn với người dân hai bên đường. Sau cuộc tổng duyệt này, các lực lượng sẽ có diễu binh, diễu hành chính thức vào sáng 30/4. -
8h50
Các khối diễu hành qua đường Nguyễn Huệ
-
8h45
Quân đội Trung Quốc, Lào, Campuchia tiến vào lễ đài
Đáng chú ý, sau khi hoàn thành phần diễu binh ở đường Lê Duẩn, khi di chuyển trên đường Nam Kỳ Khởi Nghĩa tới vị trí tập kết, các chiến sĩ Trung Quốc đồng thanh hát vang bài Như có Bác Hồ trong ngày vui đại thắng của nhạc sĩ Phạm Tuyên. Họ lặp lại nhiều lần điệp khúc Việt Nam Hồ Chí Minh. Việc các quân nhân nước bạn hát bài quen thuộc làm nhiều người dân thích thú, lấy điện thoại ra quay. -
8h40
Lực lượng diễu binh Việt Nam trên đường Lê Duẩn
-
8h35
Các khối diễu binh trên đường Lê Duẩn
-
8h30
Tiêm kích Su-30MK2 thả bẫy nhiệt
Màn trình diễn được chờ đợi nhất là 7 Su-30MK2 từ Biên Hòa bay lên TP HCM. Sau khi lượn qua khu vực trung tâm thành phố, nơi diễu binh trên đường Lê Duẩn, Dinh Thống Nhất, dàn tiêm kích vòng ra dọc sông Sài Gòn phía Thủ Thiêm. Khi đến tòa nhà Bitexco 68 tầng cao thứ 2 thành phố (sau tòa Landmark 81), 3 chiếc tách nhóm chao lượn tung bẫy nhiệt. Việc thả bẫy nhiệt ở vị trí này đã được Quân chủng Phòng không - Không quân tính toán kỹ vì nơi đây cách Dinh Độc Lập chừng một km, gần sông đảm bảo an toàn và nhiều người có thể chiêm ngưỡng. Mồi bẫy nhiệt là phần hệ thống phòng thủ chủ động được thiết kế để bảo vệ máy bay trước các loại tên lửa phòng không sử dụng đầu dẫn hồng ngoại. Thiết kế này gắn ở đuôi tiêm kích Su-30MK2. -
8h20
Khoảnh khắc Su-30MK2 thả bẫy nhiệt trên bầu trời TP HCM
-
8h15
Người dân thích thú ghi hình trực thăng, tiêm kích
Lúc 8h05, 7 tiêm kích Su-30MK2, 10 trực thăng bay theo từng biên đội từ Biên Hòa tới TP HCM. Hàng nghìn người dân ở công viên Bến Bạch Đằng đồng loạt hướng ánh mắt, giơ điện thoại ghi cảnh tiêm kích, trực thăng bay trên bầu trời. -
7h45
Các lực lượng sẵn sàng tổng duyệt
-
7h40
Người dân đội nắng chờ xem diễu binh
Lúc 7h30, thời tiết tại TP HCM bắt đầu nắng gắt song nhiều người vẫn vui vẻ chờ đợi. Chị Hương, cho biết đã tới đây chờ từ 4h để ngồi vị trí thoáng tầm nhìn. ""Tôi có xem bữa sơ duyệt diễu binh, thấy thú vị nên hôm nay tiếp tục dậy sớm để xem"", chị Hương nói.","-
9h10
Lực lượng đi qua nhiều tuyến đường, giao lưu với người dân
Sau khi diễu binh qua lễ đài, các lực lượng chia làm 4 hướng để tới nơi tập kết ở bến Bạch Đằng, công viên Tao Đàn, sân vận động Hoa Lư và công viên Lê Văn Tám. Việc phân chia này nhằm giảm sự ùn tắc, các lực lượng khi diễu hành có thể giao lưu nhiều hơn với người dân hai bên đường. Sau cuộc tổng duyệt này, các lực lượng sẽ có diễu binh, diễu hành chính thức vào sáng 30/4. -
8h50
Các khối diễu hành qua đường Nguyễn Huệ
-
8h45
Quân..."
